English Name,Arabic Name,Email,Department,Title,Employment Type,Start Date,Personal Mobile,Work Mobile,Personal Email,Corporate Email,Status
John Smith,جون سميث,john.smith@company.com,IT,Senior Developer,Full-time,01/15/2024,+1234567890,+1234567891,john.personal@gmail.com,john.smith@company.com,Active
Sarah Johnson,سارة جونسون,sarah.johnson@company.com,HR,HR Manager,Full-time,03/20/2023,+1234567892,+1234567893,sarah.personal@gmail.com,sarah.johnson@company.com,Active
Ahmed Ali,أحمد علي,ahmed.ali@company.com,Finance,Accountant,Part-time,06/10/2024,+1234567894,+1234567895,ahmed.personal@gmail.com,ahmed.ali@company.com,Active
Maria Garcia,ماريا غارسيا,maria.garcia@company.com,Marketing,Marketing Specialist,Contract,02/05/2024,+1234567896,+1234567897,maria.personal@gmail.com,maria.garcia@company.com,Active